SLOPE,R,P
-0.08814242705896398,-0.28521413398422824,0.0005549370944789205
