SLOPE,R,P
1.6091451737774418,0.7808472482556703,1.330178789207428e-30
