SLOPE,R,P
0.5095288124444566,0.8159554758842528,2.2770009803524325e-35
