SLOPE,R,P
2.2083609739603833,0.5581026473284723,0.0001497345222745334
