SLOPE,R,P
-0.5632033405179729,-0.6902778973515706,1.4751884501930389e-21
