SLOPE,R,P
-0.06193332557651491,-0.2949302768093713,0.06121315115536011
