SLOPE,R,P
1.1387805602796741,0.8793570402462318,3.8803757763760905e-14
