SLOPE,R,P
0.4263674943332321,0.4219318926259374,0.006000835890293217
