SLOPE,R,P
-0.18313240717440238,-0.2480578590326283,0.0028160222938475614
