SLOPE,R,P
0.5639204272636738,0.27097870011252706,0.08658768347826919
