SLOPE,R,P
-0.0028143210816136115,-0.0010258457465957915,0.9949211197333915
