SLOPE,R,P
-0.09808188068747889,-0.03524464627099744,0.8268334204478514
