SLOPE,R,P
0.4395126782780445,0.24071756049296636,0.003779420530346231
