SLOPE,R,P
1.7225861165106056,0.9557573648799244,2.4935595402393185e-22
