SLOPE,R,P
-0.05843816614051635,-0.06949691449172675,0.4095043750445917
