SLOPE,R,P
2.2509414821330345,0.9779146202968031,3.971299254134075e-28
