SLOPE,R,P
-0.6925368907093995,-0.20909375768344626,0.18951801924364534
