SLOPE,R,P
0.5147619605301613,0.5273532653659586,0.00039588917955021694
