SLOPE,R,P
-0.026709469383575747,-0.009863191689862648,0.9511970896066645
