SLOPE,R,P
-0.21510907553159056,-0.1275629661337337,0.42673185843236416
