SLOPE,R,P
0.017086792010429723,0.04827922759710612,0.7643659308394226
