SLOPE,R,P
-0.7300706229295846,-0.3205580510287793,9.493422015990052e-05
