SLOPE,R,P
-0.69901282464014,-0.5404445669866712,0.0002647087782980594
