SLOPE,R,P
0.5951744101665161,0.7813983858873598,1.6493372085387608e-09
