SLOPE,R,P
-0.21230301207064614,-0.13073941900052968,0.415211042277448
