SLOPE,R,P
-0.041872415074628355,-0.15912234175751577,0.05766461423574005
