SLOPE,R,P
-0.4697532771604542,-0.9558678593387301,1.527621325795776e-32
