SLOPE,R,P
-0.507381777764265,-0.5019493856019945,4.3878104523514324e-05
