SLOPE,R,P
-0.08118004247881705,-0.08141974182545847,0.5362880814288189
