SLOPE,R,P
0.8330453909855436,0.3787891393481137,0.0028409830283485137
