SLOPE,R,P
-0.6644542346550085,-0.2576091805674901,0.04690760964806321
