SLOPE,R,P
-0.008817700832052707,-0.0053201211863904705,0.9497175502592472
