SLOPE,R,P
0.8685093411392776,0.4425814348422191,3.119338854493767e-08
