SLOPE,R,P
-0.36326546354714784,-0.3185672408661423,0.00010549347956808171
