SLOPE,R,P
0.11809964684385643,0.049266816410934826,0.5589984859896372
