SLOPE,R,P
-0.1724642509353782,-0.6708986403732803,4.852804480236232e-20
