SLOPE,R,P
0.345509143049096,0.4941816065657661,3.5545870558380386e-10
