SLOPE,R,P
-0.3909956625694017,-0.46208456583172713,6.268800676973424e-09
