SLOPE,R,P
0.019759870675800015,0.023915884680877606,0.8560688608141882
