SLOPE,R,P
0.10080546683259034,0.06486780386347384,0.441472423510769
