SLOPE,R,P
-0.01230375903681221,-0.047383091413687364,0.5741418061579958
