SLOPE,R,P
-0.17807927438088103,-0.1890897644758192,0.023710776018413555
