SLOPE,R,P
0.4527504961559366,0.14215800004816026,0.09033081267766063
