SLOPE,R,P
-0.057516952155094135,-0.06460413371222333,0.44333486857917537
