SLOPE,R,P
-0.8728399390468036,-0.791280752565726,5.3071213950220167e-14
