SLOPE,R,P
0.03186772511815747,0.2646721481285931,0.040991478983999304
