SLOPE,R,P
0.8063425984074792,0.3179916418067307,0.00010874492946758488
