SLOPE,R,P
-0.47243277318098426,-0.8980915751200347,3.738399160787031e-52
