SLOPE,R,P
-0.015219648317730502,-0.08007733919624656,0.5430507079193666
