SLOPE,R,P
0.0273003254311709,0.07537266232425256,0.6395253618509823
