SLOPE,R,P
0.009677329235506823,0.043127599897982684,0.6090410479749157
