SLOPE,R,P
0.8960974710644709,0.7587828303601751,9.007558761687057e-09
