SLOPE,R,P
0.3479267396767681,0.13116339108883474,0.31782430890264546
