SLOPE,R,P
0.09585570620487348,0.14284893563980428,0.3729430138351951
