SLOPE,R,P
-0.24893937708231562,-0.8363528123459437,8.932689777935248e-17
