SLOPE,R,P
-0.3565703172780676,-0.10561562439519034,0.42189640812332063
