SLOPE,R,P
-0.011150567139761265,-0.028440356797101416,0.7359808191306654
