SLOPE,R,P
0.5099435697765201,0.9159761366553189,8.769681031685881e-58
