SLOPE,R,P
0.03189924298721726,0.18879215596083487,0.1485583629929199
