TIME,FILTER_VALUE
-4.0,0.016726249249233306
-3.9000000000000004,0.014029028347555733
-3.8000000000000003,0.014443236833756493
-3.7,0.014981883377349521
-3.6,0.013001964033347448
-3.5,0.011277220352993273
-3.4000000000000004,0.01193130489904256
-3.3000000000000003,0.013413324039286077
-3.2,0.013942184847090476
-3.1,0.011500623724883037
-3.0,0.01073914466850018
-2.9000000000000004,0.007115313947953372
-2.8000000000000003,0.003956190595514381
-2.7,0.0020489721815443525
-2.6,0.0009269253933311912
-2.5,0.0009314785011558875
-2.4000000000000004,0.0016840812326442119
-2.3000000000000003,0.004767454262560351
-2.2,0.004726254238279864
-2.1,0.0007368743362210087
-2.0,0.0037512979670621728
-1.9000000000000001,0.00855232579669126
-1.8,0.008297309107790146
-1.7000000000000002,0.0033434856216340084
-1.6,-0.004669899516101674
-1.5,-0.0036423405597671757
-1.4000000000000001,0.004863378383573154
-1.3,0.0075849165570236006
-1.2000000000000002,0.004866855146593818
-1.1,0.004105161853117892
-1.0,0.0044786269158988345
-0.9,0.011566557965255141
-0.8,0.020934274578714045
-0.7000000000000001,0.025836556019159802
-0.6000000000000001,0.029889678150956243
-0.5,0.028989094628158223
-0.4,0.029511810532420437
-0.30000000000000004,0.02459015273369366
-0.2,0.01843900937555074
-0.1,0.013571400432116798
0.0,0.013594343982895562
0.1,0.012788495129085146
0.2,0.01162893550823215
0.30000000000000004,0.01011979911042847
0.4,0.008668898428162477
0.5,0.011433865120872726
0.6000000000000001,0.013140001591438237
0.7000000000000001,0.010513834994708085
0.8,0.0032081958739538048
0.9,0.00039819683270985557
