SLOPE,R,P
0.07491430538501304,0.0479811491523986,0.715819232977037
