SLOPE,R,P
-0.04376386835838266,-0.06351562887424096,0.6931972000967086
