SLOPE,R,P
0.5119071384075317,0.8153599736289138,8.515480134841164e-11
