SLOPE,R,P
0.5572796490302342,0.3795219148885403,2.943822791893666e-06
