SLOPE,R,P
0.5312216024448569,0.15808416097896152,0.0593360200667214
