SLOPE,R,P
-0.03810947990693878,-0.11452985347725403,0.17318402902065685
