SLOPE,R,P
0.5211686684189357,0.9693957022596635,4.51582158716326e-37
