SLOPE,R,P
-0.5195440935100214,-0.9407529921539572,6.344639202216818e-29
