SLOPE,R,P
0.39327429435249794,0.7094946401082288,2.0662827839529367e-07
