SLOPE,R,P
0.09588512915969392,0.23449715357397577,0.07131996316869203
