SLOPE,R,P
0.03247066863575874,0.16350401775791634,0.05103147275397227
