SLOPE,R,P
-0.13898839580103245,-0.5077906650770141,3.451951442209458e-05
