SLOPE,R,P
0.16381916528706972,0.541653870288134,0.0002548341406381213
