SLOPE,R,P
0.674408031183991,0.4581212947600664,0.00023256785934453575
