SLOPE,R,P
-0.6873017861279734,-0.7415768770979493,1.2229363839270814e-11
