SLOPE,R,P
-0.26383893598087527,-0.34738096030654314,0.006539040261266748
