SLOPE,R,P
0.4988283867896645,0.7206932305998881,3.4031377771449e-24
