SLOPE,R,P
-0.6028509000846057,-0.857522535789259,1.5530574023953882e-42
