SLOPE,R,P
0.21884771389867586,0.4092801379867515,3.866108283741345e-07
