SLOPE,R,P
0.287936944280793,0.10261926085596983,0.4352571567827055
