SLOPE,R,P
-0.3349272576143428,-0.08678519658470449,0.509677592089105
