SLOPE,R,P
0.1491793863373055,0.2569702634112819,0.04747562800925692
