SLOPE,R,P
0.12740181179049723,0.21087098907774504,0.011471046917861978
