SLOPE,R,P
0.07839379603572419,0.043063271748261155,0.743893770268022
