SLOPE,R,P
0.5798714833356939,0.43367336279719065,6.282107668040354e-08
