SLOPE,R,P
-0.5178996963693395,-0.872225443996852,1.2318555441141609e-45
