SLOPE,R,P
0.8396143507369644,0.8363211345773709,1.2524175447942493e-38
