SLOPE,R,P
0.1475957216038551,0.6576662428077941,4.548909772146839e-19
