SLOPE,R,P
0.43215423456803015,0.12155063063770079,0.35488387026435053
