SLOPE,R,P
-0.7562885287342831,-0.6910487197929106,1.2765591619410902e-21
