SLOPE,R,P
0.043874140582939355,0.09543009860137014,0.4682641061269679
