SLOPE,R,P
0.3853935531211802,0.6232613750822541,1.0455924120258682e-07
