SLOPE,R,P
-0.18060347146415523,-0.4843706896659398,8.820954375778495e-10
