SLOPE,R,P
-0.5382705299911988,-0.44712624660164435,2.1654676437170992e-08
