SLOPE,R,P
0.5028232019791672,0.4407015817112447,3.622030910617417e-08
