SLOPE,R,P
0.0006298924496758889,0.0007350786730108667,0.9955525218364512
