SLOPE,R,P
-0.5862990332118142,-0.7760478267791814,2.508316388023711e-09
