SLOPE,R,P
0.0883690051790591,0.04725586303448423,0.7199372311866472
