SLOPE,R,P
-0.2688627990710268,-0.12484369515330317,0.4367351308647227
