SLOPE,R,P
0.08437671580951354,0.5149329011725323,0.000571472060469173
