SLOPE,R,P
0.10274546403663262,0.04862369265279927,0.762733065254297
