SLOPE,R,P
1.7309982209672337,0.48898508414779135,0.0011779769269928252
