SLOPE,R,P
0.8515331766849262,0.5946475233279607,4.863959332101099e-15
