SLOPE,R,P
0.02813337966573524,0.2690215638333191,0.08897635140049283
