SLOPE,R,P
0.7976203823108347,0.37259560504771294,0.016435791521163944
