SLOPE,R,P
0.07062486427499194,0.3167706584170732,0.043602408462624774
