SLOPE,R,P
-0.5632033405179728,-0.6902778973515705,1.47518845019306e-21
