SLOPE,R,P
-0.024725474630119086,-0.1800866682304449,0.2598700168622102
