SLOPE,R,P
-0.04910474402865634,-0.19428679184566686,0.2235245403671351
