SLOPE,R,P
1.609145173777441,0.78084724825567,1.3301787892075419e-30
