SLOPE,R,P
-0.1070019624843962,-0.38522564523751013,2.0254951305632623e-06
