SLOPE,R,P
-0.5199727336664921,-0.14045065021643183,0.381103964019728
