SLOPE,R,P
0.4658878835901494,0.21233841792800562,0.18258439163879328
