SLOPE,R,P
0.41264783826840884,0.47974175884892306,0.0015038863121638673
