SLOPE,R,P
-0.27873532973688475,-0.7368729850601032,3.9483538691000124e-08
