SLOPE,R,P
0.06755339983643724,0.22424940466988524,0.15868265886002933
