SLOPE,R,P
0.7330207680891137,0.2606936029905875,0.09971505497643514
