SLOPE,R,P
-0.09041770929513018,-0.30409373491657365,0.05323783866058496
