SLOPE,R,P
-0.32077702718672285,-0.4730403275501834,2.432930855658083e-09
