SLOPE,R,P
0.055905904792887866,0.6066743337278668,2.6138046587608377e-05
