SLOPE,R,P
0.0059966716533141765,0.020669619203145608,0.8979347106099045
