SLOPE,R,P
0.2060996674923113,0.521038812823388,0.00047795265957328663
