SLOPE,R,P
-0.47850052615507355,-0.18925766585211318,0.23597361914579165
