SLOPE,R,P
-0.034286220771355944,-0.24810483624056703,0.1177977242744229
