SLOPE,R,P
-0.3215737579086833,-0.4791170387512552,0.001528546378627234
