SLOPE,R,P
-0.025074166579268253,-0.66309520618567,2.310461577044521e-06
