SLOPE,R,P
-0.32514324086145724,-0.41935444296752805,1.857308126333151e-07
