SLOPE,R,P
0.14770368685707158,0.8197979203489201,5.529101406665211e-11
