SLOPE,R,P
-0.06254084740937799,-0.5853469538286988,5.821637997336917e-05
