SLOPE,R,P
0.10166520976477503,0.7327697856451352,5.124518777078276e-08
