SLOPE,R,P
0.03298725758113069,0.019619384721274506,0.8160898972607106
