SLOPE,R,P
-0.8331514530626892,-0.6026855835456054,3.0494035672410667e-05
