SLOPE,R,P
-0.025101089718639693,-0.08540257919054756,0.5954855700406825
