SLOPE,R,P
-1.138278975677746,-0.3826959985702096,0.013530751448864498
