SLOPE,R,P
-0.05643865219096375,-0.02385870449983131,0.8822901069438199
