SLOPE,R,P
0.15930207687465542,0.45016237531838793,0.003144871446148924
