SLOPE,R,P
0.19454208285068295,0.8454716727458709,3.5248794069320917e-12
