SLOPE,R,P
2.165062076501918,0.9224065273719113,4.025983246373622e-60
