SLOPE,R,P
0.1947977387249304,0.3662692799493502,6.832263943907548e-06
