SLOPE,R,P
-0.18313240717440227,-0.24805785903262823,0.0028160222938475713
