SLOPE,R,P
0.10053915917453757,0.93843725693869,1.3390719887179563e-19
