SLOPE,R,P
-0.009065836284357778,-0.40297009946987167,0.008994336172180477
