SLOPE,R,P
0.07217328165408378,0.6288123078452189,4.137775509319522e-17
