SLOPE,R,P
0.09058045831734608,0.9061149156712294,3.738532476642822e-16
