SLOPE,R,P
-0.10686566018829526,-0.14166310137551763,0.2802798819375
