SLOPE,R,P
-0.0401461336635316,-0.23134758086387203,0.07531717853736912
