SLOPE,R,P
0.06838437966161882,0.28112166075828526,0.000671210723046393
