SLOPE,R,P
0.5445608578067732,0.6743984542233292,1.3348185989593974e-06
