SLOPE,R,P
0.06962034656082522,0.16096179464680896,0.31472365776772065
