SLOPE,R,P
0.012595630650305993,0.054773073896119434,0.5158665804807452
