SLOPE,R,P
0.1112683155578227,0.8580385634011576,1.2255821181945427e-42
