SLOPE,R,P
-0.028098357180186755,-0.5078873541835389,9.506227964087895e-11
