SLOPE,R,P
0.2198194228824413,0.6005324113578389,3.930309486314327e-07
