SLOPE,R,P
-0.7926022442817483,-0.27316512646540225,0.03470683492489618
