SLOPE,R,P
-0.036631943082897925,-0.04363706992098516,0.740600195199791
