SLOPE,R,P
0.04843414437602646,0.5029052251926454,1.545824155655368e-10
