SLOPE,R,P
-0.3307261033913598,-0.31498101695708514,0.014235870213453438
