SLOPE,R,P
-0.37571682818487756,-0.7843476019997603,4.888233261275986e-31
