SLOPE,R,P
0.40065545063578056,0.8039358309751603,2.4595484655891677e-10
