SLOPE,R,P
0.11440463693449718,0.0377131853113642,0.6547413938183331
