SLOPE,R,P
0.41614512101474205,0.5873397797318491,1.254839681355637e-14
