SLOPE,R,P
0.14507889912593425,0.8462053525998029,1.7039942215603604e-17
