SLOPE,R,P
-0.4528918780357903,-0.5379101155469797,9.320046999653163e-06
