SLOPE,R,P
0.3131068339280426,0.10909838956835924,0.1946132867944349
