SLOPE,R,P
0.45275049615594015,0.1421580000481612,0.0903308126776585
