SLOPE,R,P
0.07206393844777001,0.25466795449297164,0.10808479943769513
