SLOPE,R,P
-0.10424750893876485,-0.42128323115290256,0.0008020528959617331
