SLOPE,R,P
-0.47733749703119166,-0.52280745417249,1.825200547291289e-05
