SLOPE,R,P
0.05846332307349594,0.09057694152615134,0.4912867050816946
