SLOPE,R,P
0.8685093411392732,0.4425814348422179,3.119338854494058e-08
