SLOPE,R,P
0.012607232968581116,0.18548367157573484,0.026563190273584468
