SLOPE,R,P
0.1481988460632707,0.1654138854320384,0.0483448815458318
