SLOPE,R,P
-0.07125846587214114,-0.4619088221050443,0.00020311833436083399
