SLOPE,R,P
-0.06630034349751399,-0.06372753725887492,0.4495585724234289
