SLOPE,R,P
0.09916934490603956,0.35278420839648844,1.550175099758069e-05
