SLOPE,R,P
0.5099435697765218,0.9159761366553193,8.769681031682638e-58
