SLOPE,R,P
0.22253420356001258,0.0794418933775927,0.3456088704341189
