SLOPE,R,P
-0.1807236126955938,-0.5750729833267157,5.844551260224086e-14
