SLOPE,R,P
0.5312216024448522,0.1580841609789604,0.0593360200667232
