SLOPE,R,P
0.42925037872363436,0.8298009917440856,2.5329666511496953e-16
