SLOPE,R,P
0.3408442457775878,0.10708189304298793,0.20304002179666766
