SLOPE,R,P
0.08643118354759659,0.3476026689734742,0.006502505689623383
