SLOPE,R,P
0.017724117439175003,0.06595667147603614,0.4338282853897635
