SLOPE,R,P
0.7797591812822229,0.8830643049761858,2.185379325268556e-14
