SLOPE,R,P
-0.026784793922704192,-0.08222081251283463,0.5322722873554242
