SLOPE,R,P
-0.09939408086564104,-0.2555900354890978,0.10677050351220545
