SLOPE,R,P
-0.3782690897413532,-0.8700737448022335,1.8097480292070317e-19
