SLOPE,R,P
0.25184113634968114,0.5416204402016567,7.862036634952381e-06
