SLOPE,R,P
-0.7750305340125617,-0.7014233526613043,3.248807212026229e-07
