SLOPE,R,P
-0.12383097604860392,-0.4402641111817597,3.7497016905556684e-08
