SLOPE,R,P
-0.11857464597997992,-0.37792756539906397,3.264051347909415e-06
