SLOPE,R,P
0.010551275711846896,0.03832410856352274,0.6495161539935974
