SLOPE,R,P
-0.029561728376997293,-0.07042434102455557,0.5928614793241969
