SLOPE,R,P
0.41718245165090734,0.4347442357501024,0.0005184856440952297
