SLOPE,R,P
-0.5178996963693395,-0.8722254439968521,1.2318555441140906e-45
