SLOPE,R,P
-0.10570295894695766,-0.7702006361052175,2.5036618781297684e-29
