SLOPE,R,P
-0.11172360233065025,-0.15665953776260824,0.2319502177118259
