SLOPE,R,P
-0.3717276732838694,-0.3261500990335647,0.010985444420222737
