SLOPE,R,P
0.14358736417786336,0.48383855545341853,9.259138443197672e-10
