SLOPE,R,P
0.7073465906421028,0.8417243469162478,3.6709411107588615e-17
