SLOPE,R,P
-0.21483756666582074,-0.8714950273853775,1.7926526661737933e-45
