SLOPE,R,P
-0.5382705299911966,-0.4471262466016433,2.1654676437172928e-08
