SLOPE,R,P
0.060876224413130106,0.5057065301837285,3.762313110929796e-05
