SLOPE,R,P
-0.05650383761835275,-0.20600918268101975,0.1142986469975596
