SLOPE,R,P
0.10080546683259393,0.06486780386347597,0.441472423510754
