SLOPE,R,P
0.11991375329775218,0.11034064400123474,0.18955005125199997
