SLOPE,R,P
-0.6082958309240042,-0.9365719695160504,4.324503307885495e-28
