SLOPE,R,P
-0.008817700832053087,-0.005320121186390699,0.949717550259245
