SLOPE,R,P
-0.6394922560733537,-0.7301886751458889,4.323513291859754e-25
