SLOPE,R,P
0.003041667699073752,0.052480056472052436,0.5336187733990807
