SLOPE,R,P
0.002211732993943209,0.014520006846714412,0.9123211090746246
