SLOPE,R,P
0.25949715145811386,0.6347644342306561,5.133442928899008e-08
