SLOPE,R,P
0.16105063853140733,0.5926176660919583,6.086637829376802e-07
