SLOPE,R,P
0.539023009336504,0.3239200877489698,0.011577496113509481
