SLOPE,R,P
0.24172659723406467,0.520759742939269,0.0004819077573820419
