SLOPE,R,P
0.017425443187395393,0.07561451693639291,0.5658259512103678
