SLOPE,R,P
-0.04861641862185977,-0.18146972011896179,0.030078198842521192
