SLOPE,R,P
0.31080073790536134,0.3515710670485551,0.005878138648890836
