SLOPE,R,P
-0.0761009233313838,-0.07139606259326657,0.3967936331193236
