SLOPE,R,P
-0.08107110017212886,-0.30154570577221307,0.019210716525951674
