SLOPE,R,P
0.1849433040556391,0.295225226337646,0.0003442266465176898
