SLOPE,R,P
-0.12741200908065842,-0.17660092052565676,0.17707846864377974
