SLOPE,R,P
0.029766960813216517,0.3370591446172407,3.848690335352454e-05
