SLOPE,R,P
0.10602628412636414,0.15289626808317502,0.24349784944141278
