SLOPE,R,P
-0.6028509000846047,-0.8575225357892596,1.5530574023949234e-42
