SLOPE,R,P
0.14663471726520158,0.8461105755246066,2.329826129517432e-40
