SLOPE,R,P
0.5028232019791686,0.44070158171124546,3.622030910617184e-08
