SLOPE,R,P
-0.011150567139761303,-0.02844035679710151,0.7359808191306645
