SLOPE,R,P
0.03740749618317913,0.38994193036156083,1.4788988718593183e-06
