SLOPE,R,P
-0.05548936975060254,-0.5048668600016877,3.894487254350996e-05
