SLOPE,R,P
0.0009364910816298701,0.001198945209437425,0.992746030885884
