SLOPE,R,P
-0.12986793909939134,-0.7132447418659535,1.6105375023363795e-10
