SLOPE,R,P
-0.7562885287342832,-0.6910487197929105,1.2765591619410902e-21
