SLOPE,R,P
0.042547741427662676,0.6407920148074391,6.741441396417396e-18
