SLOPE,R,P
0.3129934679348533,0.5454663718396363,6.576876200924763e-06
