SLOPE,R,P
-0.21367452755561772,-0.8272475831598968,4.005463491572235e-37
